{
    "0": {
        "precision": 0.9112831199761834,
        "recall": 0.9509164336750544,
        "f1-score": 0.9306780176345395,
        "support": 3219
    },
    "1": {
        "precision": 0.34439834024896265,
        "recall": 0.2178477690288714,
        "f1-score": 0.26688102893890675,
        "support": 381
    },
    "accuracy": 0.8733333333333333,
    "macro avg": {
        "precision": 0.627840730112573,
        "recall": 0.5843821013519629,
        "f1-score": 0.5987795232867231,
        "support": 3600
    },
    "weighted avg": {
        "precision": 0.8512878141217193,
        "recall": 0.8733333333333333,
        "f1-score": 0.8604261696642517,
        "support": 3600
    }
}