{
    "0": {
        "precision": 0.9011085180863477,
        "recall": 0.9686422075885858,
        "f1-score": 0.9336557352274445,
        "support": 3189
    },
    "1": {
        "precision": 0.2537313432835821,
        "recall": 0.09115281501340483,
        "f1-score": 0.1341222879684418,
        "support": 373
    },
    "accuracy": 0.8767546322290848,
    "macro avg": {
        "precision": 0.5774199306849649,
        "recall": 0.5298975113009953,
        "f1-score": 0.5338890115979431,
        "support": 3562
    },
    "weighted avg": {
        "precision": 0.8333174776030711,
        "recall": 0.8767546322290848,
        "f1-score": 0.8499314298294635,
        "support": 3562
    }
}