{
    "0": {
        "precision": 0.909037558685446,
        "recall": 0.9624106865486176,
        "f1-score": 0.9349630300286705,
        "support": 3219
    },
    "1": {
        "precision": 0.3697916666666667,
        "recall": 0.18635170603674542,
        "f1-score": 0.2478184991273997,
        "support": 381
    },
    "accuracy": 0.8802777777777778,
    "macro avg": {
        "precision": 0.6394146126760564,
        "recall": 0.5743811962926815,
        "f1-score": 0.5913907645780351,
        "support": 3600
    },
    "weighted avg": {
        "precision": 0.8519673684467918,
        "recall": 0.8802777777777778,
        "f1-score": 0.8622402338416194,
        "support": 3600
    }
}