{
    "0": {
        "precision": 0.93228582117471,
        "recall": 0.7814361868924428,
        "f1-score": 0.8502217673149095,
        "support": 3189
    },
    "1": {
        "precision": 0.21597300337457817,
        "recall": 0.514745308310992,
        "f1-score": 0.30427892234548337,
        "support": 373
    },
    "accuracy": 0.7535092644581696,
    "macro avg": {
        "precision": 0.5741294122746441,
        "recall": 0.6480907476017174,
        "f1-score": 0.5772503448301964,
        "support": 3562
    },
    "weighted avg": {
        "precision": 0.8572760847795811,
        "recall": 0.7535092644581696,
        "f1-score": 0.7930525699051408,
        "support": 3562
    }
}