{
    "0": {
        "precision": 0.9087976539589443,
        "recall": 0.9627213420316869,
        "f1-score": 0.9349826519837079,
        "support": 3219
    },
    "1": {
        "precision": 0.3684210526315789,
        "recall": 0.1837270341207349,
        "f1-score": 0.24518388791593693,
        "support": 381
    },
    "accuracy": 0.8802777777777778,
    "macro avg": {
        "precision": 0.6386093532952616,
        "recall": 0.5732241880762109,
        "f1-score": 0.5900832699498224,
        "support": 3600
    },
    "weighted avg": {
        "precision": 0.8516077969851314,
        "recall": 0.8802777777777778,
        "f1-score": 0.8619789494532021,
        "support": 3600
    }
}