{
    "0": {
        "precision": 0.8992379339542761,
        "recall": 0.9897483690587139,
        "f1-score": 0.9423247559893524,
        "support": 3219
    },
    "1": {
        "precision": 0.42105263157894735,
        "recall": 0.06299212598425197,
        "f1-score": 0.1095890410958904,
        "support": 381
    },
    "accuracy": 0.8916666666666667,
    "macro avg": {
        "precision": 0.6601452827666117,
        "recall": 0.5263702475214829,
        "f1-score": 0.5259568985426214,
        "support": 3600
    },
    "weighted avg": {
        "precision": 0.8486299894528871,
        "recall": 0.8916666666666667,
        "f1-score": 0.8541935594964609,
        "support": 3600
    }
}