{
    "0": {
        "precision": 0.9327057182705718,
        "recall": 0.8388209470053308,
        "f1-score": 0.8832755489516263,
        "support": 3189
    },
    "1": {
        "precision": 0.25936599423631124,
        "recall": 0.48257372654155495,
        "f1-score": 0.33739456419868785,
        "support": 373
    },
    "accuracy": 0.8015160022459292,
    "macro avg": {
        "precision": 0.5960358562534416,
        "recall": 0.6606973367734429,
        "f1-score": 0.6103350565751571,
        "support": 3562
    },
    "weighted avg": {
        "precision": 0.86219597176165,
        "recall": 0.8015160022459292,
        "f1-score": 0.8261128293242131,
        "support": 3562
    }
}