{
    "0": {
        "precision": 0.9079861111111112,
        "recall": 0.9748369058713886,
        "f1-score": 0.9402247191011236,
        "support": 3219
    },
    "1": {
        "precision": 0.4375,
        "recall": 0.16535433070866143,
        "f1-score": 0.24000000000000002,
        "support": 381
    },
    "accuracy": 0.8891666666666667,
    "macro avg": {
        "precision": 0.6727430555555556,
        "recall": 0.570095618290025,
        "f1-score": 0.5901123595505618,
        "support": 3600
    },
    "weighted avg": {
        "precision": 0.8581929976851853,
        "recall": 0.8891666666666667,
        "f1-score": 0.8661176029962546,
        "support": 3600
    }
}