{
    "0": {
        "precision": 0.9375,
        "recall": 0.7666980244590781,
        "f1-score": 0.843539761945834,
        "support": 3189
    },
    "1": {
        "precision": 0.22012578616352202,
        "recall": 0.5630026809651475,
        "f1-score": 0.3165033911077619,
        "support": 373
    },
    "accuracy": 0.7453677709152162,
    "macro avg": {
        "precision": 0.578812893081761,
        "recall": 0.6648503527121128,
        "f1-score": 0.580021576526798,
        "support": 3562
    },
    "weighted avg": {
        "precision": 0.8623791179783812,
        "recall": 0.7453677709152162,
        "f1-score": 0.7883503834161875,
        "support": 3562
    }
}